{
  "timeline_index": 422,
  "planner": {},
  "gallery_last_file": {},
  "timeline_status": {
    "1": 1,
    "2": 1,
    "3": 1,
    "4": 1,
    "5": 0,
    "6": 0,
    "7": 0,
    "8": 0,
    "9": 0,
    "10": 0,
    "11": 0,
    "12": 0,
    "13": 0,
    "14": 0,
    "15": 0,
    "16": 0,
    "17": 0,
    "18": 0,
    "19": 0,
    "20": 0,
    "21": 0,
    "22": 0,
    "23": 0,
    "24": 0,
    "25": 0,
    "26": 1,
    "27": 1,
    "28": 1,
    "29": 1,
    "30": 0,
    "31": 1,
    "33": 1,
    "32": 1,
    "34": 1,
    "35": 1,
    "36": 0,
    "37": 0,
    "38": 0,
    "39": 0,
    "40": 0,
    "41": 0,
    "42": 1,
    "43": 1,
    "44": 1,
    "45": 1,
    "46": 1,
    "47": 1,
    "48": 1,
    "49": 1,
    "50": 0,
    "51": 0,
    "52": 1,
    "53": 1,
    "54": 1,
    "55": 1,
    "56": 1,
    "57": 1,
    "58": 1,
    "59": 1,
    "60": 1,
    "61": 1,
    "62": 1,
    "63": 1,
    "64": 1,
    "65": 1,
    "66": 1,
    "67": 1,
    "68": 1,
    "69": 1,
    "70": 1,
    "71": 1,
    "72": 1,
    "73": 1,
    "74": 1,
    "75": 1,
    "76": 1,
    "77": 1,
    "78": 1,
    "79": 1,
    "80": 1,
    "81": 1,
    "82": 1,
    "83": 1,
    "84": 1,
    "85": 1,
    "86": 1,
    "87": 1,
    "88": 1,
    "89": 1,
    "90": 1,
    "91": 1,
    "92": 1,
    "93": 1,
    "94": 1,
    "95": 1,
    "96": 1,
    "97": 1,
    "98": 1,
    "99": 1,
    "100": 1,
    "101": 1,
    "102": 1,
    "103": 1,
    "104": 1,
    "105": 1,
    "106": 1,
    "107": 1,
    "108": 1,
    "109": 1,
    "110": 1,
    "111": 1,
    "112": 1,
    "113": 1,
    "114": 1,
    "115": 1,
    "116": 1,
    "117": 1,
    "118": 1,
    "119": 1,
    "120": 1,
    "121": 1,
    "122": 1,
    "123": 1,
    "124": 1,
    "125": 1,
    "126": 1,
    "127": 1,
    "128": 1,
    "129": 0,
    "130": 1,
    "131": 1,
    "132": 1,
    "133": 1,
    "134": 1,
    "135": 1,
    "136": 1,
    "137": 1,
    "138": 1,
    "139": 1,
    "140": 1,
    "141": 1,
    "142": 1,
    "143": 1,
    "144": 1,
    "145": 1,
    "146": 1,
    "147": 1,
    "148": 1,
    "149": 1,
    "150": 1,
    "151": 1,
    "152": 1,
    "153": 1,
    "154": 1,
    "155": 1,
    "156": 1,
    "157": 1,
    "158": 1,
    "159": 1,
    "160": 1,
    "161": 1,
    "162": 1,
    "163": 1,
    "164": 1,
    "165": 1,
    "166": 1,
    "167": 1,
    "168": 1,
    "169": 1,
    "170": 1,
    "171": 1,
    "172": 1,
    "173": 0,
    "174": 1,
    "175": 0,
    "176": 1,
    "177": 1,
    "178": 1,
    "179": 1,
    "180": 1,
    "181": 1,
    "182": 1,
    "183": 1,
    "184": 1,
    "185": 1,
    "186": 1,
    "187": 1,
    "188": 1,
    "189": 1,
    "190": 1,
    "191": 1,
    "192": 1,
    "193": 1,
    "194": 1,
    "195": 1,
    "196": 1,
    "197": 1,
    "198": 1,
    "199": 0,
    "200": 0,
    "201": 1,
    "202": 1,
    "203": 1,
    "204": 1,
    "206": 1,
    "205": 1,
    "207": 1,
    "208": 1,
    "209": 1,
    "210": 0,
    "211": 1,
    "212": 1,
    "213": 0,
    "214": 1,
    "215": 1,
    "216": 1,
    "217": 0,
    "218": 0,
    "219": 1,
    "220": 0,
    "221": 1,
    "222": 0,
    "223": 0,
    "224": 0,
    "225": 0,
    "226": 1,
    "227": 0,
    "228": 1,
    "229": 0,
    "230": 1,
    "231": 0,
    "232": 0,
    "233": 0,
    "234": 0,
    "235": 0,
    "236": 0,
    "237": 1,
    "238": 1,
    "239": 1,
    "240": 0,
    "241": 1,
    "242": 1,
    "243": 1,
    "244": 1,
    "245": 1,
    "246": 1,
    "247": 1,
    "248": 0,
    "249": 0,
    "250": 0,
    "251": 0,
    "252": 0,
    "253": 0,
    "254": 1,
    "255": 0,
    "256": 0,
    "257": 0,
    "258": 0,
    "259": 0,
    "260": 0,
    "261": 0,
    "262": 1,
    "263": 1,
    "264": 1,
    "265": 1,
    "266": 0,
    "267": 1,
    "268": 1,
    "269": 1,
    "270": 1,
    "271": 1,
    "272": 0,
    "273": 1,
    "274": 1,
    "275": 1,
    "276": 1,
    "277": 0,
    "278": 1,
    "279": 1,
    "280": 1,
    "281": 1,
    "282": 1,
    "283": 0,
    "284": 1,
    "285": 1,
    "286": 0,
    "287": 0,
    "288": 1,
    "289": 1,
    "290": 1,
    "291": 1,
    "292": 1,
    "293": 0,
    "294": 1,
    "295": 1,
    "296": 1,
    "298": 0,
    "297": 1,
    "299": 1,
    "300": 1,
    "301": 1,
    "302": 1,
    "303": 1,
    "304": 1,
    "305": 1,
    "306": 0,
    "307": 1,
    "308": 1,
    "309": 1,
    "310": 1,
    "311": 1,
    "312": 1,
    "313": 1,
    "314": 1,
    "315": 1,
    "316": 1,
    "317": 1,
    "318": 1,
    "319": 1,
    "320": 1,
    "321": 1,
    "322": 1,
    "323": 1,
    "325": 1,
    "324": 1,
    "326": 1,
    "327": 0,
    "328": 1,
    "329": 1,
    "330": 1,
    "331": 1,
    "332": 1,
    "333": 1,
    "334": 1,
    "335": 1,
    "336": 1,
    "337": 1,
    "338": 1,
    "339": 1,
    "340": 1,
    "341": 0,
    "342": 1,
    "343": 1,
    "344": 1,
    "345": 1,
    "346": 1,
    "347": 1,
    "348": 1,
    "349": 1,
    "350": 1,
    "351": 1,
    "352": 1,
    "353": 1,
    "354": 1,
    "355": 1,
    "356": 1,
    "357": 1,
    "358": 1,
    "359": 0,
    "360": 1,
    "361": 1,
    "362": 1,
    "363": 1,
    "364": 1,
    "365": 1,
    "366": 1,
    "367": 1,
    "368": 1,
    "369": 1,
    "370": 0,
    "371": 1,
    "372": 1,
    "373": 1,
    "374": 1,
    "375": 1,
    "376": 1,
    "377": 1,
    "378": 1,
    "379": 1,
    "380": 1,
    "381": 1,
    "382": 1,
    "383": 1,
    "384": 1,
    "385": 1,
    "386": 1,
    "387": 1,
    "388": 1,
    "389": 1,
    "390": 1,
    "391": 1,
    "392": 1,
    "393": 1,
    "394": 1,
    "395": 1,
    "396": 1,
    "397": 1,
    "398": 1,
    "399": 1,
    "400": 1,
    "401": 1,
    "402": 1,
    "403": 1,
    "404": 1,
    "405": 1,
    "406": 0,
    "407": 1,
    "408": 1,
    "409": 1,
    "410": 1,
    "411": 1,
    "412": 0,
    "413": 0,
    "414": 1,
    "415": 1,
    "416": 1,
    "417": 1,
    "418": 0,
    "419": 1,
    "420": 1,
    "421": 1,
    "422": 0
  },
  "preview_servers": {},
  "preview_server": {
    "project_dir": "/workspace/shadcn-ui",
    "status": "initializing",
    "config_path": ".mgx/config.yaml",
    "timeline_index": 2
  }
}