{
    "tabs": {
        "00": {
            "tab_id": "00",
            "cwd": "/workspace/shadcn-ui",
            "observer": {
                "block": "Terminal",
                "uuid": "52333643-4cc5-4b22-ab53-a1b301ae7ad8",
                "enable_llm_stream": false,
                "callback_url": ""
            },
            "shell_command": [
                "bash"
            ],
            "command_terminator": "\n"
        },
        "01": {
            "tab_id": "01",
            "cwd": "/workspace/shadcn-ui",
            "observer": {
                "block": "Terminal",
                "uuid": "3cd0f6fb-ef19-46f0-a772-04acb9aec2c9",
                "enable_llm_stream": false,
                "callback_url": ""
            },
            "shell_command": [
                "bash"
            ],
            "command_terminator": "\n"
        },
        "02": {
            "tab_id": "02",
            "cwd": "/workspace/shadcn-ui",
            "observer": {
                "block": "Terminal",
                "uuid": "84c41f5c-064f-4d59-8874-08494ad3a763",
                "enable_llm_stream": false,
                "callback_url": ""
            },
            "shell_command": [
                "bash"
            ],
            "command_terminator": "\n"
        },
        "03": {
            "tab_id": "03",
            "cwd": "/workspace/shadcn-ui",
            "observer": {
                "block": "Terminal",
                "uuid": "9a49fe0a-c12c-40f9-976e-852de4bbd687",
                "enable_llm_stream": false,
                "callback_url": ""
            },
            "shell_command": [
                "bash"
            ],
            "command_terminator": "\n"
        },
        "04": {
            "tab_id": "04",
            "cwd": "/workspace/shadcn-ui",
            "observer": {
                "block": "Terminal",
                "uuid": "8862b8c1-376a-47c9-9bb0-11cd4755e722",
                "enable_llm_stream": false,
                "callback_url": ""
            },
            "shell_command": [
                "bash"
            ],
            "command_terminator": "\n"
        },
        "05": {
            "tab_id": "05",
            "cwd": "/workspace/shadcn-ui",
            "observer": {
                "block": "Terminal",
                "uuid": "89f856ed-bf7d-4896-be45-e678db24804a",
                "enable_llm_stream": false,
                "callback_url": ""
            },
            "shell_command": [
                "bash"
            ],
            "command_terminator": "\n"
        },
        "06": {
            "tab_id": "06",
            "cwd": "/workspace/shadcn-ui",
            "observer": {
                "block": "Terminal",
                "uuid": "c04f4a10-eafa-4274-a203-492fb81353e4",
                "enable_llm_stream": false,
                "callback_url": ""
            },
            "shell_command": [
                "bash"
            ],
            "command_terminator": "\n"
        },
        "07": {
            "tab_id": "07",
            "cwd": "/workspace/shadcn-ui",
            "observer": {
                "block": "Terminal",
                "uuid": "b06ceba6-a7ab-428c-8163-c09db3c0fb60",
                "enable_llm_stream": false,
                "callback_url": ""
            },
            "shell_command": [
                "bash"
            ],
            "command_terminator": "\n"
        },
        "08": {
            "tab_id": "08",
            "cwd": "/workspace/shadcn-ui",
            "observer": {
                "block": "Terminal",
                "uuid": "1cb59831-4e36-40da-8bfe-79c2512884b4",
                "enable_llm_stream": false,
                "callback_url": ""
            },
            "shell_command": [
                "bash"
            ],
            "command_terminator": "\n"
        },
        "09": {
            "tab_id": "09",
            "cwd": "/workspace/shadcn-ui",
            "observer": {
                "block": "Terminal",
                "uuid": "8d492a3d-6f29-493e-b3cb-32cd88ac8d6d",
                "enable_llm_stream": false,
                "callback_url": ""
            },
            "shell_command": [
                "bash"
            ],
            "command_terminator": "\n"
        },
        "10": {
            "tab_id": "10",
            "cwd": "/workspace/shadcn-ui",
            "observer": {
                "block": "Terminal",
                "uuid": "14735d86-1e74-42f6-86fe-2549c2b4a9d8",
                "enable_llm_stream": false,
                "callback_url": ""
            },
            "shell_command": [
                "bash"
            ],
            "command_terminator": "\n"
        },
        "11": {
            "tab_id": "11",
            "cwd": "/workspace/shadcn-ui",
            "observer": {
                "block": "Terminal",
                "uuid": "bf4c46f6-b840-44fe-8d76-22a9beb0734a",
                "enable_llm_stream": false,
                "callback_url": ""
            },
            "shell_command": [
                "bash"
            ],
            "command_terminator": "\n"
        }
    },
    "current_tab_id": "11",
    "forbidden_commands": {
        "run preview": "Use Deployer.deploy_to_public instead.",
        "serve ": "Use Deployer.deploy_to_public instead.",
        "python -m http.server": "Use python -u -m http.server port_number instead."
    },
    "timeout": 300.0,
    "working_dir": "/workspace"
}